﻿<?xml version="1.0" encoding="utf-8"?>
<deployment>
  <id>9abf629b-ef3d-4709-8578-b0675b9d3436</id>
  <author>N/A</author>
  <deployer>OneDeploy</deployer>
  <authorEmail>N/A</authorEmail>
  <message>OneDeploy</message>
  <progress></progress>
  <status>Success</status>
  <statusText></statusText>
  <lastSuccessEndTime>2025-07-28T01:33:36.0144598Z</lastSuccessEndTime>
  <receivedTime>2025-07-28T01:33:29.3750507Z</receivedTime>
  <startTime>2025-07-28T01:33:30.7291908Z</startTime>
  <endTime>2025-07-28T01:33:36.0144598Z</endTime>
  <complete>True</complete>
  <is_temp>False</is_temp>
  <is_readonly>True</is_readonly>
  <buildSummary />
</deployment>