<step title="Incoming Request" date="2025-07-28T01:32:33.011" instance="00f4b9" url="/api/publish?type=jar" method="POST" type="request" pid="767,1,16" Accept="*/*" Host="router-backend-api.scm.azurewebsites.net" User-Agent="AZURECLI/2.75.0 (MSI)" Accept-Encoding="gzip, deflate" Authorization="Bas..." Cache-Control="no-cache" Content-Type="application/octet-stream" Cookie="ARRAffinity=00f4b9c2bc7bbba7dd3f25ee0118b3064f2c6a0aa49b4cae0902f270f1737d89; ARRAffinitySameSite=00f4b9c2bc7bbba7dd3f25ee0118b3064f2c6a0aa49b4cae0902f270f1737d89" Content-Length="85128243" x-ms-client-request-id="b027a8da-6b52-11f0-9731-505a65ba6a9a" x-ms-artifact-checksum="d04152d16dd0289ac0d171178f80aa3d4c671764c5f53bf4cdbaa287fe5b9b37" X-ARR-LOG-ID="b027a8da-6b52-11f0-9731-505a65ba6a9a" CLIENT-IP="91.129.105.76:41197" X-SITE-DEPLOYMENT-ID="router-backend-api" WAS-DEFAULT-HOSTNAME="router-backend-api.scm.azurewebsites.net" X-Forwarded-Proto="https" X-AppService-Proto="https" X-Forwarded-TlsVersion="1.3" X-WAWS-Unencoded-URL="/api/publish?type=jar" X-Client-IP="91.129.105.76" X-Client-Port="41197" >
  <step title="Cleanup Xml Logs" date="2025-07-28T01:32:33.015" /><!-- duration: 6ms -->
  <step title="OneDeploy" date="2025-07-28T01:32:33.126" >
    <step title="None repository commit" date="2025-07-28T01:32:33.173" >
      <step title="Commit id: 9abf629b-ef3d-4709-8578-b0675b9d3436" date="2025-07-28T01:32:33.178" Message="N/A" AuthorName="N/A" AuthorEmail="N/A" /><!-- duration: 2ms -->
    </step><!-- duration: 9ms -->
    <step title="Starting PushDeployAsync" date="2025-07-28T01:32:33.185" /><!-- duration: 3ms -->
    <step title="Writing artifact to /tmp/zipdeploy/app.jar" date="2025-07-28T01:32:33.217" >
      <step title="Writing multipart request body to /tmp/zipdeploy/app.jar" date="2025-07-28T01:32:33.222" /><!-- duration: 9ms -->
    </step><!-- duration: 52696ms -->
    <step title="Attempting to fetch target branch HEAD" date="2025-07-28T01:33:25.926" /><!-- duration: 2ms -->
    <step title="Acquiring Deployment Lock" date="2025-07-28T01:33:25.931" /><!-- duration: 4ms -->
    <step title="Acquired Deployment Lock" date="2025-07-28T01:33:25.974" /><!-- duration: 2ms -->
    <step title="Performing fetch based deployment" date="2025-07-28T01:33:25.986" >
      <step title="Creating temporary deployment" date="2025-07-28T01:33:25.989" /><!-- duration: 81ms -->
      <step title="Releasing Deployment Lock" date="2025-07-28T01:33:27.260" /><!-- duration: 4ms -->
      <step title="Moving /tmp/zipdeploy/extracted to /tmp/zipdeploy/extracted/app.jar" date="2025-07-28T01:33:27.284" /><!-- duration: 6ms -->
      <step title="None repository commit" date="2025-07-28T01:33:27.302" >
        <step title="Commit id: 9abf629b-ef3d-4709-8578-b0675b9d3436" date="2025-07-28T01:33:27.304" Message="OneDeploy" AuthorName="N/A" AuthorEmail="N/A" /><!-- duration: 2ms -->
      </step><!-- duration: 6ms -->
      <step title="Deployment timer started" date="2025-07-28T01:33:29.317" >
        <step title="DeploymentManager.Deploy(id:9abf629b-ef3d-4709-8578-b0675b9d3436)" date="2025-07-28T01:33:29.324" >
          <step title="Collecting changeset information" date="2025-07-28T01:33:29.348" /><!-- duration: 84ms -->
          <step title="Updating submodules" date="2025-07-28T01:33:29.438" /><!-- duration: 1117ms -->
          <step title="Determining deployment builder" date="2025-07-28T01:33:30.791" >
            <step title="Builder is OneDeployBuilder" date="2025-07-28T01:33:30.801" /><!-- duration: 6ms -->
          </step><!-- duration: 19ms -->
          <step title="PreDeployment: context.CleanOutputPath False" date="2025-07-28T01:33:30.862" >
            <step title="PreDeployment: context.OutputPath /home/site/wwwroot" date="2025-07-28T01:33:31.003" >
              <step title="Building" date="2025-07-28T01:33:31.141" >
                <step title="Executing external process" date="2025-07-28T01:33:31.605" type="process" path="starter.sh" arguments="/opt/Kudu/Scripts/parallel_rsync.sh /tmp/zipdeploy/extracted /home/site/wwwroot 8 /tmp/ False False  " /><!-- duration: 3565ms -->
                <step title="Modified file to trigger a restart of the app container." date="2025-07-28T01:33:35.629" /><!-- duration: 3ms -->
                <step title="Skip function trigger and logicapp sync because function is not enabled." date="2025-07-28T01:33:35.643" /><!-- duration: 3ms -->
              </step><!-- duration: 5244ms -->
            </step><!-- duration: 5392ms -->
            <step title="Cleaning up temp files" date="2025-07-28T01:33:36.402" /><!-- duration: 6ms -->
            <step title="Cleaning up temp files" date="2025-07-28T01:33:36.414" /><!-- duration: 505ms -->
            <step title="Reloading status file with latest updates" date="2025-07-28T01:33:36.938" >
              <step title="WebHooksManager.PublishEventAsync: PostDeployment" date="2025-07-28T01:33:36.946" /><!-- duration: 48ms -->
            </step><!-- duration: 61ms -->
            <step title="Cleaning up temporary deployment - fetch deployment was successful" date="2025-07-28T01:33:37.005" /><!-- duration: 3ms -->
          </step><!-- duration: 6242ms -->
        </step><!-- duration: 7796ms -->
        <step title="Outgoing response" date="2025-07-28T01:33:37.152" type="response" statusCode="200" statusText="OK" /><!-- duration: 2ms -->
      </step><!-- duration: 7840ms -->
