<step title="Incoming Request" date="2025-07-26T03:16:25.177" instance="00f4b9" url="/api/publish?type=jar" method="POST" type="request" pid="768,1,7" Accept="*/*" Host="router-backend-api.scm.azurewebsites.net" User-Agent="AZURECLI/2.75.0 (MSI)" Accept-Encoding="gzip, deflate" Authorization="Bas..." Cache-Control="no-cache" Content-Type="application/octet-stream" Content-Length="64571024" x-ms-client-request-id="cd433331-69ce-11f0-8e14-505a65ba6a9a" x-ms-artifact-checksum="05f7d993c5336a5b288bda51e50a6bad161bdd0f613c38192607b25bb2a6069e" X-ARR-LOG-ID="cd433331-69ce-11f0-8e14-505a65ba6a9a" CLIENT-IP="91.129.105.76:18830" X-SITE-DEPLOYMENT-ID="router-backend-api" WAS-DEFAULT-HOSTNAME="router-backend-api.scm.azurewebsites.net" X-Forwarded-Proto="https" X-AppService-Proto="https" X-Forwarded-TlsVersion="1.3" X-WAWS-Unencoded-URL="/api/publish?type=jar" X-Client-IP="91.129.105.76" X-Client-Port="18830" >
  <step title="OneDeploy" date="2025-07-26T03:16:25.502" >
    <step title="None repository commit" date="2025-07-26T03:16:25.511" >
      <step title="Commit id: 9e69a83e-bcc8-4d40-8356-5f8f8ac61a72" date="2025-07-26T03:16:25.516" Message="N/A" AuthorName="N/A" AuthorEmail="N/A" /><!-- duration: 4ms -->
    </step><!-- duration: 11ms -->
    <step title="Starting PushDeployAsync" date="2025-07-26T03:16:25.525" /><!-- duration: 3ms -->
    <step title="Writing artifact to /tmp/zipdeploy/app.jar" date="2025-07-26T03:16:25.534" >
      <step title="Writing multipart request body to /tmp/zipdeploy/app.jar" date="2025-07-26T03:16:25.537" /><!-- duration: 2ms -->
    </step><!-- duration: 33139ms -->
    <step title="Attempting to fetch target branch HEAD" date="2025-07-26T03:16:58.694" /><!-- duration: 3ms -->
    <step title="Acquiring Deployment Lock" date="2025-07-26T03:16:58.701" /><!-- duration: 3ms -->
    <step title="Acquired Deployment Lock" date="2025-07-26T03:16:58.743" /><!-- duration: 4ms -->
    <step title="Performing fetch based deployment" date="2025-07-26T03:16:58.756" >
      <step title="Creating temporary deployment" date="2025-07-26T03:16:58.759" /><!-- duration: 94ms -->
      <step title="Releasing Deployment Lock" date="2025-07-26T03:17:00.049" /><!-- duration: 5ms -->
      <step title="Moving /tmp/zipdeploy/extracted to /tmp/zipdeploy/extracted/app.jar" date="2025-07-26T03:17:00.060" /><!-- duration: 4ms -->
      <step title="None repository commit" date="2025-07-26T03:17:00.068" >
        <step title="Commit id: 9e69a83e-bcc8-4d40-8356-5f8f8ac61a72" date="2025-07-26T03:17:00.072" Message="OneDeploy" AuthorName="N/A" AuthorEmail="N/A" /><!-- duration: 2ms -->
      </step><!-- duration: 9ms -->
      <step title="Deployment timer started" date="2025-07-26T03:17:02.085" >
        <step title="DeploymentManager.Deploy(id:9e69a83e-bcc8-4d40-8356-5f8f8ac61a72)" date="2025-07-26T03:17:02.103" >
          <step title="Collecting changeset information" date="2025-07-26T03:17:02.134" /><!-- duration: 152ms -->
          <step title="Updating submodules" date="2025-07-26T03:17:02.293" /><!-- duration: 1128ms -->
          <step title="Determining deployment builder" date="2025-07-26T03:17:03.639" >
            <step title="Builder is OneDeployBuilder" date="2025-07-26T03:17:03.645" /><!-- duration: 2ms -->
          </step><!-- duration: 11ms -->
          <step title="PreDeployment: context.CleanOutputPath False" date="2025-07-26T03:17:03.696" >
            <step title="PreDeployment: context.OutputPath /home/site/wwwroot" date="2025-07-26T03:17:03.801" >
              <step title="Building" date="2025-07-26T03:17:03.948" >
                <step title="Executing external process" date="2025-07-26T03:17:04.430" type="process" path="starter.sh" arguments="/opt/Kudu/Scripts/parallel_rsync.sh /tmp/zipdeploy/extracted /home/site/wwwroot 8 /tmp/ False False  " /><!-- duration: 2066ms -->
                <step title="Modified file to trigger a restart of the app container." date="2025-07-26T03:17:06.921" /><!-- duration: 2ms -->
                <step title="Skip function trigger and logicapp sync because function is not enabled." date="2025-07-26T03:17:06.927" /><!-- duration: 3ms -->
              </step><!-- duration: 3722ms -->
            </step><!-- duration: 3875ms -->
            <step title="Cleaning up temp files" date="2025-07-26T03:17:07.678" /><!-- duration: 3ms -->
            <step title="Cleaning up temp files" date="2025-07-26T03:17:07.683" /><!-- duration: 503ms -->
            <step title="Reloading status file with latest updates" date="2025-07-26T03:17:08.234" >
              <step title="WebHooksManager.PublishEventAsync: PostDeployment" date="2025-07-26T03:17:08.238" /><!-- duration: 51ms -->
            </step><!-- duration: 57ms -->
            <step title="Cleaning up temporary deployment - fetch deployment was successful" date="2025-07-26T03:17:08.299" /><!-- duration: 12ms -->
          </step><!-- duration: 4711ms -->
        </step><!-- duration: 6317ms -->
        <step title="Outgoing response" date="2025-07-26T03:17:08.430" type="response" statusCode="200" statusText="OK" /><!-- duration: 9ms -->
      </step><!-- duration: 6356ms -->
