﻿<?xml version="1.0" encoding="utf-8"?>
<deployment>
  <id>9e69a83e-bcc8-4d40-8356-5f8f8ac61a72</id>
  <author>N/A</author>
  <deployer>OneDeploy</deployer>
  <authorEmail>N/A</authorEmail>
  <message>OneDeploy</message>
  <progress></progress>
  <status>Success</status>
  <statusText></statusText>
  <lastSuccessEndTime>2025-07-26T03:17:07.2918321Z</lastSuccessEndTime>
  <receivedTime>2025-07-26T03:17:02.1897521Z</receivedTime>
  <startTime>2025-07-26T03:17:03.5615323Z</startTime>
  <endTime>2025-07-26T03:17:07.2918321Z</endTime>
  <complete>True</complete>
  <is_temp>False</is_temp>
  <is_readonly>True</is_readonly>
  <buildSummary />
</deployment>